Project ID	Project	Stars	NbCommits	Repo Creation Date	First Commit Date	Last Commit Date
1	compomics/compomics-utilities	19	3520	2015-08-21T21:30:27Z	2010-02-05T09:56:41Z	2021-01-06T12:38:25Z
2	tuomount/Open-Realms-of-Stars	41	3751	2016-05-08T16:23:41Z	2016-05-08T16:23:41Z	2021-01-17T21:17:14Z
3	Alfresco/alfresco-repository	73	12666	2017-07-26T21:04:12Z	2005-12-08T07:13:07Z	2020-10-26T17:48:19Z
4	elimu-ai/webapp	8	4222	2016-01-02T13:55:50Z	2016-01-02T13:55:50Z	2021-01-18T15:22:28Z
5	compomics/peptide-shaker	23	3660	2015-08-21T21:32:15Z	2011-01-10T17:40:11Z	2021-01-18T15:42:17Z
6	Alfresco/alfresco-remote-api	18	6190	2017-07-26T14:43:20Z	2005-12-08T07:13:07Z	2020-10-26T17:48:48Z
7	Ghost-chu/QuickShop-Reremake	69	5603	2018-07-26T14:33:29Z	2015-07-05T14:05:58Z	2021-01-18T08:14:37Z
8	classgraph/classgraph	1730	4585	2014-08-17T20:46:57Z	2014-08-17T20:46:57Z	2021-01-06T02:54:10Z
9	burningwave/core	7	4922	2019-12-30T07:42:17Z	2019-12-30T07:42:18Z	2021-01-18T16:54:19Z
10	TencentCloud/tencentcloud-sdk-java	213	413	2018-04-17T02:58:16Z	2018-04-25T05:11:01Z	2021-01-19T03:35:10Z
11	Rocologo/BagOfGold	8	1269	2017-11-01T20:37:33Z	2013-06-12T10:23:24Z	2020-10-12T13:38:38Z
12	bwssytems/ha-bridge	1312	651	2015-07-28T17:27:11Z	2015-07-28T17:21:10Z	2020-12-14T18:20:52Z
13	ebean-orm/ebean	1068	4462	2012-09-13T11:49:56Z	2012-09-13T11:49:56Z	2021-01-19T11:10:09Z
14	RipMeApp/ripme	1885	2533	2017-01-06T17:12:09Z	2014-02-25T09:28:22Z	2020-11-26T00:52:06Z
15	javaito/HolandaCatalinaFw	11	956	2016-01-14T19:26:34Z	2016-01-14T19:48:54Z	2021-01-18T15:37:28Z
16	lastaflute/lastaflute	32	1136	2015-05-01T13:48:32Z	2015-05-01T15:47:04Z	2020-12-02T15:30:36Z
17	seasarorg/dbflute	16	6997	2013-10-01T11:27:10Z	2006-09-25T16:18:04Z	2019-01-01T05:45:41Z
18	gitlab4j/gitlab4j-api	429	1914	2014-02-18T05:09:14Z	2014-02-18T05:10:33Z	2020-09-08T15:13:28Z
19	scireum/sirius-web	17	3095	2014-11-27T16:27:47Z	2014-11-27T16:51:30Z	2021-01-15T10:50:59Z
20	FenixEdu/fenixedu-academic	154	38411	2013-05-20T13:53:51Z	2003-02-14T19:12:32Z	2021-01-18T22:29:12Z
21	tonikelope/megabasterd	879	715	2016-09-29T16:54:54Z	2016-09-29T16:53:14Z	2021-01-13T12:14:20Z
22	technology16/dbreplicator2	5	893	2013-10-15T12:28:26Z	2013-10-15T12:28:26Z	2020-10-05T13:56:58Z
23	mcMMO-Dev/mcMMO	609	6186	2012-01-05T18:54:08Z	2010-09-28T11:35:34Z	2021-01-11T18:34:14Z
24	Shadorc/Shadbot	11	3277	2017-07-19T17:45:51Z	2017-07-19T17:47:00Z	2020-12-21T23:40:57Z
25	finmath/finmath-lib	234	4370	2013-03-17T10:00:22Z	2013-03-17T09:55:47Z	2021-01-13T15:04:24Z
26	Backbase/bb-fuel	12	1524	2018-10-25T06:20:13Z	2017-09-21T18:42:45Z	2021-01-08T09:23:59Z
27	sboesebeck/morphium	50	3096	2012-07-12T12:48:33Z	2012-03-31T14:58:19Z	2021-01-18T07:30:47Z
28	torakiki/sambox	28	5022	2015-02-17T09:14:01Z	2008-02-10T18:26:16Z	2020-12-11T14:53:28Z
29	Alfresco/alfresco-data-model	12	781	2017-01-25T10:56:14Z	2016-09-15T15:47:59Z	2020-10-26T17:53:08Z
30	fslev/cucumber-utils	5	1617	2018-06-08T09:23:26Z	2018-06-08T09:53:31Z	2021-01-04T08:57:17Z
31	jenkinsci/sauce-ondemand-plugin	21	1024	2010-12-13T05:51:17Z	2010-05-25T00:33:30Z	2020-09-25T12:23:41Z
32	yangfuhai/jboot	607	3053	2017-05-24T01:26:12Z	2017-05-21T08:48:34Z	2021-01-16T01:28:51Z
33	MagmaGuy/EliteMobs	29	416	2016-12-20T16:31:37Z	2016-10-08T10:03:31Z	2021-01-16T22:39:49Z
34	NLPchina/elasticsearch-sql	5923	943	2014-08-24T14:26:31Z	2014-08-24T14:26:31Z	2021-01-11T14:32:58Z
35	UniversalMediaServer/UniversalMediaServer	1130	8147	2012-06-07T22:23:22Z	2012-06-07T22:23:22Z	2021-01-18T22:01:07Z
36	sanity/quickml	230	1158	2011-09-20T20:10:50Z	2011-09-20T11:55:47Z	2017-05-17T05:37:21Z
37	jidesoft/jide-oss	140	2405	2012-05-16T21:19:02Z	2007-02-14T03:18:54Z	2020-10-06T16:56:34Z
38	chargebee/chargebee-java	17	667	2012-04-05T14:59:06Z	2012-04-05T15:02:56Z	2020-12-15T05:52:28Z
39	dmandalidis/docker-client	11	2130	2019-10-01T03:36:41Z	2014-06-04T15:10:28Z	2021-01-17T23:27:52Z
40	spotify/docker-client	1334	1853	2014-06-04T13:22:10Z	2014-06-04T15:10:28Z	2019-06-30T17:29:19Z
41	fabric8io/kubernetes-assertions	6	13499	2020-02-21T09:42:48Z	2011-04-13T19:50:46Z	2020-05-21T11:44:34Z
42	zendesk/maxwell	2162	3263	2015-02-09T22:06:13Z	2014-05-21T17:59:46Z	2020-12-23T11:03:20Z
43	synyx/urlaubsverwaltung	154	5911	2013-07-18T13:44:51Z	2011-10-20T14:35:55Z	2021-01-19T07:49:25Z
44	belaban/JGroups	805	19191	2010-11-07T15:51:28Z	2003-09-09T01:24:04Z	2021-01-15T12:24:25Z
45	CodeStory/fluent-http	197	2009	2014-03-17T15:56:38Z	2013-06-21T08:42:27Z	2020-12-03T09:47:28Z
46	OpenHFT/Chronicle-Threads	67	1162	2015-02-24T13:43:50Z	2015-02-24T13:43:56Z	2021-01-18T07:44:17Z
47	eccentricdevotion/TARDIS	48	6021	2012-07-06T10:10:11Z	2012-07-06T10:07:27Z	2021-01-19T04:34:31Z
48	twilio/twilio-java	354	1984	2009-09-15T06:04:28Z	2009-09-15T06:06:14Z	2021-01-13T23:42:45Z
49	geNAZt/CloudChat	10	292	2013-11-30T16:54:09Z	2013-11-30T16:55:24Z	2014-04-10T20:19:42Z
50	MohabMohie/SHAFT_ENGINE	23	709	2018-07-15T07:02:02Z	2018-07-15T07:02:03Z	2021-01-19T13:12:55Z
51	saucelabs/ci-sauce	12	685	2011-12-02T04:40:18Z	2011-12-02T11:02:26Z	2021-01-12T09:10:30Z
52	jenkinsci/kubernetes-plugin	1641	3107	2015-02-16T09:02:22Z	2014-09-22T17:44:22Z	2021-01-15T16:03:51Z
53	magnusmickelsson/pokeraidbot	8	685	2017-09-06T10:27:28Z	2017-09-06T10:27:29Z	2020-12-14T15:29:43Z
54	4pr0n/ripme	871	587	2014-02-26T03:30:50Z	2014-02-25T09:28:22Z	2017-11-17T10:12:09Z
55	thezerothcat/LaMulanaRandomizer	33	422	2017-07-12T01:09:30Z	2017-07-12T01:09:03Z	2020-03-29T21:36:19Z
56	wireapp/lithium	63	300	2017-01-23T09:39:28Z	2017-01-23T09:35:25Z	2021-01-14T16:19:59Z
57	jenkinsci/warnings-plugin	71	3939	2010-12-14T20:42:03Z	2008-05-11T15:38:38Z	2020-11-01T18:46:49Z
58	sanaehirotaka/logbook-kai	81	1110	2015-10-06T15:13:59Z	2015-10-06T15:13:59Z	2020-09-12T00:20:42Z
59	jenkinsci/xunit-plugin	66	860	2010-12-14T20:48:15Z	2009-08-04T21:56:05Z	2020-12-25T04:28:08Z
60	groupon/DotCi	508	1699	2014-05-19T18:33:11Z	2014-05-15T20:17:27Z	2018-02-05T22:19:48Z
61	libraryaddict/LibsDisguises	107	2197	2013-05-17T20:56:12Z	2013-05-17T21:05:19Z	2021-01-19T00:33:53Z
62	Ben12345rocks/VotingPlugin	31	1691	2016-03-20T21:19:10Z	2016-03-20T22:53:16Z	2021-01-18T22:44:00Z
63	XeroAPI/Xero-Java	46	603	2016-06-14T21:22:47Z	2016-06-14T21:22:48Z	2020-12-12T00:02:26Z
64	jenkinsci/envinject-plugin	69	814	2011-07-16T20:09:41Z	2011-07-16T20:07:42Z	2020-12-26T17:01:01Z
65	DigitalMediaServer/DigitalMediaServer	18	7314	2016-02-19T15:26:46Z	2012-06-07T22:23:22Z	2019-08-22T00:43:42Z
66	killbill/killbill-api	11	996	2013-06-14T13:11:24Z	2013-06-14T13:11:24Z	2020-09-04T06:03:05Z
67	gbif/gbif-api	13	1249	2013-12-09T16:12:41Z	2013-12-09T16:12:41Z	2021-01-18T21:44:03Z
68	imagej/ImageJA	50	1482	2011-08-03T12:51:50Z	2007-06-07T20:46:49Z	2020-12-01T16:38:48Z
69	alkarinv/BattleArena	31	344	2012-08-10T21:29:29Z	2012-08-10T21:34:03Z	2014-06-26T22:08:49Z
70	metamx/java-util	50	568	2011-10-21T18:41:10Z	2011-10-21T23:19:21Z	2020-06-29T19:20:41Z
71	kali/lackr	6	665	2010-03-14T09:54:59Z	2010-03-14T09:52:37Z	2014-03-26T14:25:56Z
72	clojure/clojure	8425	3334	2010-06-29T20:03:33Z	2006-03-24T14:49:31Z	2021-01-15T18:50:54Z
73	scireum/sirius-kernel	25	1186	2014-11-25T17:42:50Z	2014-11-25T17:45:40Z	2020-12-17T10:51:02Z
74	bitbar/testdroid-api	5	1132	2013-03-22T10:58:16Z	2013-03-22T11:00:10Z	2020-12-15T17:19:08Z
75	houbb/heaven	5	371	2019-02-20T14:13:01Z	2019-02-20T14:13:09Z	2021-01-15T07:16:47Z
76	landawn/abacus-util	5	297	2019-07-27T02:05:33Z	2019-07-27T02:05:33Z	2021-01-18T23:29:57Z
77	authlete/authlete-java-common	7	786	2014-10-06T06:42:37Z	2014-10-06T12:23:43Z	2020-12-14T06:09:45Z
78	jenkinsci/violation-comments-to-stash-plugin	36	463	2015-05-02T10:42:38Z	2015-05-01T18:07:36Z	2020-12-06T11:55:57Z
79	jenkinsci/git-client-plugin	96	2624	2013-02-18T07:23:45Z	2013-02-18T07:25:44Z	2021-01-18T05:29:29Z
80	bullhorn/sdk-rest	23	875	2015-05-07T19:46:25Z	2016-02-12T20:13:44Z	2021-01-07T14:15:14Z
81	clij/clij	59	763	2018-02-17T18:23:16Z	2018-02-17T18:44:04Z	2020-10-10T15:08:07Z
82	javaee/grizzly-ahc	28	2780	2017-04-24T05:09:11Z	2010-02-16T21:34:29Z	2018-08-21T09:36:59Z
83	jenkinsci/remoting	115	2861	2011-07-13T05:06:16Z	2006-12-12T07:00:56Z	2020-12-22T21:28:22Z
84	jenkinsci/ghprb-plugin	442	1270	2012-09-04T13:34:20Z	2012-08-27T07:45:44Z	2019-01-26T10:34:06Z
85	tomasbjerre/pull-request-notifier-for-bitbucket	170	552	2015-03-25T21:42:52Z	2015-03-25T06:15:04Z	2020-12-05T17:46:35Z
86	Ben12345rocks/AdvancedCore	17	1899	2016-08-20T00:53:15Z	2016-08-20T00:53:16Z	2021-01-18T22:43:10Z
87	cucumber-attic/gherkin2	390	1832	2009-09-01T00:42:05Z	2009-09-01T00:42:03Z	2016-05-26T04:55:52Z
88	proofpoint/event-collector	12	504	2011-11-17T23:18:50Z	2011-08-24T16:57:42Z	2015-11-12T21:48:14Z
89	NLPchina/elasticsearch-analysis-ansj	520	294	2013-10-11T07:16:12Z	2013-10-11T08:26:41Z	2020-11-08T09:53:42Z
90	Valkryst/VTerminal	42	2432	2017-05-21T14:45:20Z	2010-12-08T21:52:24Z	2020-12-28T15:31:49Z
91	compomics/denovogui	5	713	2015-08-21T21:32:34Z	2013-02-28T12:29:42Z	2020-10-13T11:55:20Z
92	hub4j/github-api	673	2685	2010-04-19T04:13:03Z	2010-04-19T04:07:10Z	2021-01-15T04:14:08Z
93	NigelWu95/qiniu-suits-java	54	2379	2018-08-28T19:02:19Z	2018-08-28T19:06:17Z	2020-11-25T20:36:08Z
94	TownyAdvanced/Towny	161	3602	2014-12-04T05:21:02Z	2011-07-10T00:29:35Z	2021-01-18T14:05:12Z
95	felx/nimbus-jose-jwt	5	1217	2017-09-12T09:28:58Z	2012-09-14T12:56:09Z	2017-08-26T06:40:43Z
96	alibaba/fastjson	21865	3798	2011-11-03T06:58:52Z	2011-07-31T12:03:29Z	2021-01-10T17:12:28Z
97	compomics/searchgui	20	736	2015-08-21T21:31:39Z	2015-08-21T22:34:16Z	2021-01-11T16:20:01Z
98	oVirt/ovirt-engine-api-model	15	1235	2015-12-18T15:20:37Z	2015-12-18T15:04:20Z	2020-12-16T13:18:10Z
99	CableIM/Cable-Server	20	378	2017-02-05T16:17:33Z	2013-12-09T07:11:09Z	2017-06-16T00:00:46Z
100	JBEI/ice	31	4848	2013-10-18T17:43:58Z	2009-11-05T14:47:40Z	2021-01-14T16:17:06Z
101	jenkinsci/p4-plugin	58	1447	2014-07-03T16:12:05Z	2014-06-26T10:33:34Z	2021-01-14T21:10:16Z
102	mingzuozhibi/mzzb-server	7	674	2017-01-24T13:26:22Z	2017-01-21T11:13:54Z	2019-10-05T04:52:03Z
103	intive-FDV/DynamicJasper	167	707	2012-03-14T13:43:13Z	2007-02-01T13:44:41Z	2020-07-23T22:34:36Z
104	PLOS/wombat	9	7054	2013-06-10T19:01:44Z	2013-05-20T18:57:22Z	2020-08-05T03:33:39Z
105	braintree/braintree_java	117	1909	2010-02-23T21:44:12Z	2010-02-23T21:52:12Z	2020-12-17T21:01:33Z
106	HabitatMap/AirCastingAndroidClient	39	1610	2012-01-17T13:17:09Z	2012-01-17T14:45:09Z	2020-09-17T12:52:30Z
107	ebean-orm/ebean-agent	13	524	2012-09-13T11:45:53Z	2012-09-13T11:45:53Z	2021-01-05T04:42:20Z
108	iotaledger/iri	1188	2701	2016-10-24T22:06:06Z	2016-10-24T22:06:06Z	2020-08-18T11:14:03Z
109	jenkinsci/tasks-plugin	7	1136	2010-12-14T20:39:05Z	2007-08-08T22:17:33Z	2019-09-24T11:34:22Z
110	pshdl/org.pshdl	5	489	2014-05-23T09:59:49Z	2012-01-26T18:15:10Z	2017-06-01T16:22:48Z
111	AppDirect/service-integration-sdk	6	626	2016-10-07T14:32:49Z	2016-10-07T14:32:50Z	2020-12-14T09:37:27Z
112	janrain/janrain-backplane-2	12	699	2011-12-15T17:24:41Z	2011-12-15T18:16:42Z	2013-08-26T17:34:38Z
113	WileyLabs/teasy	25	617	2017-06-09T17:57:20Z	2016-07-29T11:20:44Z	2021-01-11T13:54:21Z
114	bserdar/jcliff	32	335	2013-03-28T18:15:57Z	2013-04-02T03:59:11Z	2021-01-09T22:31:38Z
115	greese/dasein-cloud-google	6	1488	2012-12-06T15:26:22Z	2012-12-06T15:26:22Z	2015-06-29T10:38:16Z
116	treasure-data/td-client-java	10	1276	2012-03-05T08:45:22Z	2012-03-05T08:51:22Z	2020-10-20T01:18:48Z
117	xixifeng/fastquery	59	412	2016-05-13T03:17:48Z	2016-05-09T13:27:54Z	2021-01-15T04:32:21Z
118	FusionAuth/fusionauth-java-client	5	300	2018-08-24T19:19:40Z	2018-08-24T19:30:53Z	2021-01-14T05:51:34Z
119	amazon-archives/aws-sdk-java-samples	30	221	2016-05-25T16:55:39Z	2016-05-26T20:33:57Z	2018-03-28T21:31:10Z
120	LibsHungergames/LibsHungergames	8	852	2013-04-13T03:42:29Z	2013-04-13T03:42:35Z	2016-07-30T02:43:03Z
121	codelibs/elasticsearch-cluster-runner	55	441	2014-06-08T09:28:23Z	2014-06-08T09:28:24Z	2021-01-15T21:59:59Z
122	jenkinsci/artifactory-plugin	83	1997	2010-12-13T05:25:58Z	2009-12-10T14:43:21Z	2021-01-03T17:59:26Z
123	jgralab/jgralab	14	7630	2012-02-10T08:50:10Z	2007-12-17T15:27:45Z	2019-08-05T12:52:27Z
124	jnr/jnr-posix	191	779	2011-07-24T02:15:59Z	2008-03-18T00:22:18Z	2021-01-11T21:09:39Z
125	vmi/selenese-runner-java	120	1752	2012-07-16T09:53:49Z	2012-07-16T09:58:23Z	2020-12-08T15:23:14Z
126	LithiumSR/openstud_driver	9	499	2018-05-23T17:23:03Z	2018-05-23T17:23:04Z	2020-06-25T16:09:49Z
127	OpenHFT/Chronicle-Map	1961	2884	2014-07-18T15:33:57Z	2014-07-18T15:33:57Z	2021-01-15T10:29:12Z
128	jenkinsci/analysis-core-plugin	44	1041	2010-12-13T05:25:57Z	2009-09-21T21:15:58Z	2019-11-26T20:39:36Z
129	killbill/killbill-client-java	27	864	2012-06-17T22:33:53Z	2012-06-17T22:33:53Z	2020-09-03T14:15:01Z
130	jenkinsci/email-ext-plugin	278	1449	2010-12-13T05:35:01Z	2007-09-27T22:11:30Z	2021-01-18T07:42:32Z
131	zalando/zalenium	2228	1970	2016-10-04T11:23:35Z	2016-10-04T11:32:39Z	2020-06-14T12:06:05Z
132	checkstyle/checkstyle	5359	9851	2013-08-31T02:05:05Z	2001-06-22T13:15:09Z	2021-01-18T22:39:49Z
133	vhyza/elasticsearch-analysis-lemmagen	73	125	2013-11-24T23:58:13Z	2013-11-24T23:56:49Z	2020-11-12T11:42:58Z
134	tastybento/askyblock	86	1580	2014-09-25T22:01:43Z	2014-09-25T23:58:21Z	2019-02-16T20:15:52Z
135	davidmoten/rxjava-extras	268	1431	2014-11-28T23:25:14Z	2014-11-28T23:25:14Z	2020-10-13T02:31:30Z
136	jdereg/java-util	275	670	2013-09-07T19:52:43Z	2013-09-07T19:52:44Z	2021-01-14T22:11:11Z
137	jenkinsci/violation-comments-to-github-plugin	20	345	2016-03-06T22:10:22Z	2016-03-05T04:39:55Z	2020-10-13T03:05:03Z
138	liuanxin/api-document	57	816	2017-12-08T10:08:03Z	2017-12-08T10:09:11Z	2020-11-27T05:26:19Z
139	Alfresco/alfresco-core	22	363	2017-01-25T10:54:18Z	2016-08-30T16:32:57Z	2020-10-26T17:51:58Z
140	GreWeMa/GWMCrates	5	209	2017-06-14T11:15:22Z	2017-06-14T11:17:58Z	2021-01-10T11:48:17Z
141	jenkinsci/perforce-plugin	54	1032	2010-12-13T05:51:46Z	2007-09-28T19:52:45Z	2021-01-14T23:24:59Z
142	jpmml/jpmml-sparkml	215	592	2016-05-05T09:16:59Z	2016-05-05T09:15:03Z	2020-12-26T17:50:50Z
143	mcMMO-Dev/mcMMO-Classic	22	4971	2019-01-02T02:28:40Z	2010-09-28T11:35:34Z	2020-12-06T20:00:28Z
144	bastillion-io/Bastillion	2461	535	2013-02-07T23:11:49Z	2013-02-07T23:11:50Z	2020-08-02T16:09:48Z
145	dzhw/metadatamanagement	19	8521	2015-07-21T07:35:40Z	2015-07-21T07:35:40Z	2020-12-17T11:55:19Z
146	mikera/vectorz	185	4480	2012-09-28T03:15:25Z	2012-09-28T03:15:25Z	2020-04-17T23:03:39Z
147	BillyGalbreath/Ridables	33	258	2018-08-03T12:29:10Z	2018-08-03T12:29:11Z	2019-03-22T16:19:42Z
148	Praqma/cool	5	1494	2011-03-22T08:09:04Z	2006-07-25T20:58:50Z	2019-07-19T12:04:36Z
149	dbjorge/jorbs-spire-mod	29	2198	2019-10-12T00:34:52Z	2019-10-12T00:34:53Z	2020-12-30T15:45:58Z
150	jenkinsci/credentials-plugin	61	901	2012-02-23T18:57:07Z	2012-02-27T10:41:13Z	2021-01-06T16:13:59Z
151	jpmml/jpmml-sklearn	394	914	2015-09-20T17:15:13Z	2015-09-20T17:16:35Z	2021-01-12T19:28:16Z
152	jenkinsci/subversion-plugin	107	1146	2010-12-13T05:24:54Z	2009-06-16T00:32:22Z	2021-01-17T16:04:04Z
153	linagora/linshare-core	43	5352	2013-12-20T15:22:40Z	2009-10-06T16:56:23Z	2021-01-14T08:48:16Z
154	mvel/mvel	697	3101	2011-05-17T17:59:38Z	2007-01-01T20:21:11Z	2021-01-13T13:53:20Z
155	jenkinsci/workflow-cps-plugin	108	2579	2016-04-05T20:24:40Z	2014-05-10T01:52:48Z	2020-12-23T21:08:44Z
156	opensourceBIM/IfcPlugins	11	459	2016-01-18T12:43:30Z	2016-01-18T12:43:30Z	2020-03-12T09:39:36Z
157	f4b6a3/uuid-creator	28	629	2018-05-03T22:57:00Z	2018-04-23T13:40:19Z	2021-01-18T06:20:15Z
158	hsiafan/requests	428	228	2014-11-26T05:37:27Z	2014-10-28T02:53:57Z	2019-12-19T04:37:41Z
159	jenkinsci/analysis-model	40	3889	2014-09-29T18:48:31Z	2008-05-11T15:40:51Z	2021-01-11T18:54:02Z
160	jenkinsci/checkstyle-plugin	29	847	2010-12-13T05:32:27Z	2008-05-12T11:21:11Z	2019-09-24T11:33:19Z
161	jenkinsci/cucumber-reports-plugin	151	460	2013-02-11T11:49:39Z	2012-04-14T07:20:12Z	2021-01-06T20:47:04Z
162	jenkinsci/pmd-plugin	26	862	2010-12-14T20:36:15Z	2008-03-30T21:27:57Z	2019-09-24T11:33:52Z
163	brettwooldridge/HikariCP	13192	2752	2013-10-08T05:43:03Z	2013-10-08T05:43:03Z	2021-01-13T08:03:10Z
164	ucchyocean/LunaChat	25	409	2013-04-21T15:08:01Z	2013-04-21T15:10:26Z	2020-10-13T23:09:33Z
165	graphaware/neo4j-resttest	13	314	2014-06-17T21:55:25Z	2014-06-17T21:55:53Z	2020-11-14T14:37:31Z
166	jenkinsci/mercurial-plugin	56	1176	2010-12-13T05:49:17Z	2007-04-06T14:45:55Z	2020-11-09T06:39:09Z
167	jenkinsci/monitoring-plugin	15	481	2010-12-13T05:46:27Z	2009-10-21T20:37:21Z	2020-12-22T22:24:22Z
168	opensourceBIM/IfcOpenShell-BIMserver-plugin	31	425	2014-03-31T09:11:34Z	2014-03-31T09:11:34Z	2020-02-03T20:54:59Z
169	waarp/WaarpR66	13	962	2012-06-27T07:21:56Z	2009-04-23T17:06:09Z	2019-10-29T11:32:43Z
170	buremba/netty-rest	98	303	2015-04-01T00:44:57Z	2015-04-01T00:44:15Z	2020-05-15T06:12:36Z
171	dbflute/dbflute-core	17	1518	2014-09-28T06:26:07Z	2014-09-28T06:35:09Z	2021-01-01T13:41:39Z
172	scireum/sirius-biz	8	4283	2015-05-18T06:51:58Z	2015-05-18T06:52:41Z	2021-01-15T11:02:40Z
173	SaberLLC/Saber-Factions	18	2046	2019-07-28T02:43:14Z	2011-02-06T12:36:11Z	2020-07-25T09:10:04Z
174	Vauff/Maunz-Discord	8	412	2016-09-28T22:15:18Z	2016-09-30T20:10:14Z	2021-01-07T17:31:04Z
175	damianszczepanik/cucumber-reporting	403	1219	2012-07-05T23:20:43Z	2012-07-05T23:22:09Z	2021-01-08T21:34:28Z
176	ebean-orm/ebean-querybean	9	348	2015-07-24T19:17:54Z	2015-07-24T19:17:54Z	2020-10-08T04:07:34Z
177	jenkinsci/github-branch-source-plugin	101	1326	2015-10-08T16:52:19Z	2015-10-08T16:34:32Z	2021-01-13T20:35:19Z
178	jenkinsci/ontrack-plugin	8	652	2015-02-05T10:41:50Z	2014-06-12T17:46:05Z	2020-09-21T08:58:13Z
179	mariadb-corporation/mariadb-connector-j	235	2655	2015-01-30T13:12:38Z	2009-01-14T06:19:06Z	2020-11-23T15:21:17Z
180	mguessan/davmail	177	3241	2018-06-13T21:26:19Z	2006-12-12T23:18:19Z	2020-11-30T10:31:36Z
181	Col-E/Recaf	924	2085	2017-07-27T06:01:10Z	2017-07-26T21:25:15Z	2021-01-11T02:48:13Z
182	jenkinsci/gerrit-trigger-plugin	179	1664	2010-06-10T14:43:35Z	2010-06-11T21:11:00Z	2021-01-15T15:33:45Z
183	jenkinsci/script-security-plugin	36	1052	2014-02-28T22:18:32Z	2014-02-28T21:52:09Z	2020-12-23T21:00:14Z
184	Staartvin/Autorank-2	45	1764	2012-12-27T14:20:36Z	2012-12-29T18:17:34Z	2021-01-18T20:50:21Z
185	forcedotcom/wsc	219	614	2010-12-21T23:39:51Z	2011-02-09T21:32:58Z	2021-01-18T23:24:47Z
186	jenkinsci/support-core-plugin	12	957	2013-10-24T11:18:45Z	2013-10-24T11:18:22Z	2021-01-08T01:57:14Z
187	jenkinsci/winstone	53	575	2010-02-03T01:53:58Z	2008-02-04T00:58:36Z	2020-12-15T10:18:22Z
188	viz-centric/flair-engine	18	526	2019-02-23T09:09:37Z	2019-02-23T09:09:38Z	2020-12-07T10:52:26Z
189	cern-eam/eam-wshub-core	8	591	2018-12-21T08:34:45Z	2019-01-17T14:10:30Z	2021-01-13T11:55:46Z
190	graphaware/neo4j-uuid	92	393	2014-07-24T10:59:34Z	2014-08-05T08:22:26Z	2020-11-13T23:04:35Z
191	jenkinsci/git-changelog-plugin	40	323	2015-10-04T09:07:37Z	2015-06-23T14:36:40Z	2021-01-18T17:36:40Z
192	tastybento/acidisland	9	373	2014-05-18T21:54:14Z	2014-05-18T22:01:51Z	2019-02-16T20:10:33Z
193	KorAP/Krill	9	869	2015-03-05T05:20:23Z	2013-11-18T17:55:22Z	2020-11-13T17:15:53Z
194	amodeus-science/amodeus	32	1888	2018-03-15T14:08:44Z	2018-03-15T14:11:39Z	2020-11-10T07:34:45Z
195	ib-ai/IB.ai	14	838	2018-06-27T20:30:05Z	2018-06-27T19:29:08Z	2021-01-01T13:21:05Z
196	jaunt-lang/jaunt	134	3279	2016-01-25T19:40:19Z	2006-03-24T14:49:31Z	2016-10-18T18:11:50Z
197	spring-projects/spring-data-commons	490	2282	2010-11-11T20:19:31Z	2010-06-10T20:50:23Z	2021-01-18T12:46:31Z
198	FasterXML/jackson-dataformat-xml	403	1504	2010-12-31T05:00:50Z	2010-12-31T05:02:45Z	2021-01-10T21:22:52Z
199	UniTime/cpsolver	33	1327	2015-01-27T13:54:00Z	2006-11-05T20:06:09Z	2021-01-13T17:11:05Z
200	cnaude/PurpleIRC	20	691	2013-04-10T15:16:21Z	2013-04-10T15:17:30Z	2019-07-27T15:49:34Z
201	jenkinsci/dependency-check-plugin	83	920	2013-08-02T15:44:22Z	2013-05-07T19:51:23Z	2020-11-02T17:12:28Z
202	josueeduardo/rest-client	20	537	2017-05-12T20:50:48Z	2011-04-11T21:27:35Z	2019-02-25T22:07:34Z
203	lutece-platform/lutece-core	37	3718	2014-11-30T16:26:59Z	2007-09-21T14:32:19Z	2020-07-01T16:38:01Z
204	sothawo/mapjfx	64	550	2014-12-21T13:51:35Z	2014-12-09T12:02:07Z	2020-12-12T12:25:34Z
205	Actelion/openchemlib	19	967	2015-01-27T18:33:02Z	2015-01-27T18:33:02Z	2021-01-18T02:02:11Z
206	PapenfussLab/gridss	105	2017	2015-06-11T11:00:30Z	2013-08-27T07:24:04Z	2021-01-08T22:39:40Z
207	compomics/jsparklines	6	185	2015-07-02T13:06:43Z	2010-12-27T20:51:18Z	2020-10-13T11:55:03Z
208	digipost/digipost-api-client-java	6	996	2011-10-05T12:01:26Z	2011-10-05T12:05:56Z	2021-01-08T12:19:41Z
209	graphaware/neo4j-timetree	195	524	2014-05-01T18:36:55Z	2014-05-01T18:37:09Z	2020-04-03T08:48:54Z
210	mtedone/podam	185	1093	2011-05-01T09:43:22Z	2011-05-01T09:45:32Z	2020-12-25T16:10:51Z
211	pokemongo-dev-contrib/pogoprotos-java	7	670	2017-03-04T03:51:45Z	2016-07-16T23:34:49Z	2020-12-19T21:46:32Z
212	tecsinapse/tecsinapse-data-io	7	695	2016-08-28T05:12:12Z	2013-07-12T14:12:41Z	2020-12-04T21:57:19Z
213	JEFF-Media-GbR/Spigot-ChestSort	19	394	2018-08-12T13:35:14Z	2018-08-12T13:33:54Z	2021-01-16T16:20:43Z
214	RoboTricker/Transport-Pipes	20	370	2017-03-13T20:32:59Z	2017-03-13T20:32:59Z	2019-05-11T14:53:16Z
215	evgenyigumnov/common	25	148	2015-05-12T09:57:39Z	2015-05-12T09:57:39Z	2015-11-11T09:51:52Z
216	lets-blade/blade	5342	769	2015-06-10T03:35:49Z	2015-07-09T05:51:31Z	2020-03-22T13:39:23Z
217	Erudika/scoold	363	1099	2017-02-03T17:43:40Z	2011-07-06T00:49:49Z	2021-01-16T16:21:53Z
218	PLOS/rhino	5	3091	2012-07-18T17:55:25Z	2012-07-18T17:55:25Z	2020-08-05T03:28:41Z
219	PreibischLab/multiview-reconstruction	9	3114	2017-09-26T08:46:31Z	2009-04-23T13:45:33Z	2021-01-07T21:24:30Z
220	bingoohuang/eql	183	569	2013-10-27T13:32:28Z	2013-10-27T13:32:28Z	2020-12-08T08:36:29Z
221	guilds-plugin/Guilds	51	3538	2017-06-05T00:06:02Z	2017-07-19T19:30:08Z	2021-01-16T03:10:48Z
222	jenkinsci/acceptance-test-harness	105	4980	2014-02-28T17:39:55Z	2011-09-30T04:27:27Z	2021-01-13T15:12:16Z
223	jenkinsci/github-plugin	251	707	2010-12-13T05:35:14Z	2009-06-09T20:35:36Z	2021-01-11T22:11:58Z
224	killbill/killbill-analytics-plugin	8	800	2013-07-01T14:16:21Z	2013-07-01T14:17:40Z	2020-05-13T07:49:43Z
225	macacajs/wd.java	28	273	2016-08-09T06:28:16Z	2016-08-09T10:58:36Z	2020-05-18T08:34:20Z
226	viz-centric/flair-query-language	15	344	2019-02-23T09:14:57Z	2019-02-23T09:14:57Z	2020-12-06T20:31:20Z
227	Chris2018998/BeeCP	68	1821	2018-07-24T13:53:49Z	2018-07-24T14:30:17Z	2021-01-05T15:53:56Z
228	SpineEventEngine/core-java	15	17350	2015-06-30T13:50:58Z	2015-06-30T13:50:59Z	2021-01-15T14:11:53Z
229	gwtd3/gwt-d3-js	21	359	2013-05-31T09:56:03Z	2013-05-31T09:56:04Z	2016-05-06T00:16:58Z
230	jenkinsci/branch-api-plugin	17	964	2013-09-16T20:39:44Z	2013-09-16T22:03:50Z	2020-12-23T17:05:41Z
231	jenkinsci/jira-plugin	143	1195	2010-12-13T05:42:51Z	2007-03-10T22:04:42Z	2021-01-18T12:28:35Z
232	networknt/json-schema-validator	192	546	2016-09-15T12:24:16Z	2016-09-15T12:24:17Z	2021-01-16T05:41:10Z
233	vlingo/vlingo-http	42	822	2018-02-20T07:29:01Z	2018-02-20T07:29:02Z	2020-12-23T11:22:51Z
234	xerial/sqlite-jdbc	1481	1150	2014-08-06T14:01:00Z	2007-10-14T15:58:54Z	2021-01-15T21:21:25Z
235	fabric8io/openshift-elasticsearch-plugin	27	360	2015-08-19T20:37:42Z	2015-08-19T20:44:05Z	2020-10-01T20:50:03Z
236	git-moss/DrivenByMoss	240	572	2017-05-03T09:00:48Z	2017-05-03T09:00:48Z	2021-01-10T21:50:03Z
237	restfb/restfb	642	1861	2011-09-11T03:06:54Z	2010-01-21T15:53:45Z	2020-12-22T14:41:45Z
238	scireum/sirius-db	6	1631	2014-11-27T16:28:09Z	2014-11-27T18:10:26Z	2021-01-14T11:47:27Z
239	vlingo/vlingo-symbio	37	649	2018-06-28T03:07:28Z	2018-06-28T03:07:28Z	2020-12-23T11:46:08Z
240	Azerist/jediStar	13	288	2017-08-03T04:41:10Z	2017-08-03T04:50:39Z	2018-02-15T15:46:47Z
241	RockyLOMO/rxlib	11	781	2017-06-28T03:23:53Z	2017-06-28T03:23:54Z	2021-01-06T12:35:23Z
242	bastillion-io/Bastillion-EC2	406	392	2013-05-10T01:48:41Z	2013-02-25T22:37:07Z	2020-05-23T12:33:36Z
243	ebean-orm/querybean-generator	10	247	2015-12-15T19:19:43Z	2015-12-15T19:19:43Z	2020-10-07T23:04:04Z
244	jenkinsci/jenkins-test-harness	48	1450	2016-01-15T19:11:45Z	2006-11-05T21:16:01Z	2020-12-28T06:21:19Z
245	jenkinsci/ssh-slaves-plugin	66	747	2010-12-13T05:56:44Z	2008-06-04T19:10:04Z	2021-01-12T09:46:30Z
246	lemire/javaewah	448	667	2010-10-04T18:49:09Z	2010-10-04T18:54:25Z	2019-11-08T21:56:11Z
247	qoomon/maven-git-versioning-extension	133	443	2016-11-04T18:57:51Z	2016-04-27T16:54:33Z	2021-01-12T11:40:29Z
248	vlingo/vlingo-actors	185	988	2017-12-21T07:52:05Z	2017-12-21T08:08:47Z	2020-12-23T11:43:36Z
249	KittehOrg/KittehIRCClientLib	104	1276	2014-11-29T01:27:02Z	2013-04-17T01:42:12Z	2021-01-01T06:48:00Z
250	alx3apps/ctz-utils	8	199	2013-03-16T03:37:46Z	2011-05-11T11:17:37Z	2015-06-24T16:55:58Z
251	arangodb/arangodb-java-driver	162	1526	2014-09-26T13:04:47Z	2014-09-26T13:21:21Z	2020-12-22T15:13:35Z
252	idsc-frazzoli/tensor	32	830	2017-03-19T18:17:03Z	2017-03-19T18:26:09Z	2019-11-17T08:45:11Z
253	jenkinsci/generic-webhook-trigger-plugin	226	323	2017-03-08T13:37:20Z	2017-03-02T17:06:47Z	2020-11-06T17:35:37Z
254	lejon/PartiallyCollapsedLDA	23	628	2015-04-21T13:20:13Z	2015-05-26T10:26:12Z	2020-09-01T10:06:51Z
255	rythmengine/rythmengine	243	673	2011-11-27T11:19:02Z	2011-11-27T11:22:54Z	2021-01-02T05:08:20Z
256	Diabol/delivery-pipeline-plugin	117	1065	2013-04-19T10:46:35Z	2013-04-19T14:37:05Z	2020-10-12T21:54:39Z
257	JRakNet/JRakNet	85	452	2016-08-04T20:58:34Z	2016-08-04T20:58:37Z	2020-12-21T20:12:32Z
258	JodaOrg/joda-beans	126	840	2011-05-10T18:05:07Z	2007-01-09T00:54:11Z	2020-10-20T13:16:09Z
259	Lihuanghe/SMSGate	423	379	2015-07-25T13:34:07Z	2015-07-25T13:35:25Z	2021-01-08T09:28:44Z
260	NASA-PDS/validate	5	723	2019-06-24T18:42:47Z	2010-10-30T16:28:01Z	2021-01-17T00:55:31Z
261	TheBusyBiscuit/CS-CoreLib2	7	604	2019-06-10T16:52:03Z	2019-06-10T16:52:04Z	2021-01-19T08:50:47Z
262	Vaerys-Dawn/DiscordSailv2	13	240	2016-08-27T04:27:02Z	2016-08-27T04:25:32Z	2018-11-23T01:01:11Z
263	akwei/halo-query	8	343	2012-05-04T08:05:01Z	2012-05-04T08:12:17Z	2018-04-03T07:42:33Z
264	alikelleci/easysourcing	7	209	2019-08-22T11:44:14Z	2019-08-22T11:44:15Z	2020-12-11T13:35:02Z
265	jenkinsci/active-directory-plugin	39	680	2010-12-13T05:26:01Z	2008-01-08T08:08:51Z	2020-12-24T15:41:16Z
266	medcl/elasticsearch-analysis-ik	9933	252	2011-12-16T09:01:45Z	2011-12-16T09:02:21Z	2020-09-06T08:34:40Z
267	sonatype/plexus-utils	25	726	2010-06-15T18:48:56Z	2003-08-06T05:48:40Z	2015-01-27T16:50:13Z
268	vlingo/vlingo-auth	12	252	2018-04-14T03:23:53Z	2018-04-14T03:24:30Z	2020-12-23T11:44:16Z
269	FasterXML/jackson-datatype-json-org	49	394	2011-03-10T02:03:51Z	2011-03-10T02:14:33Z	2020-08-28T22:08:29Z
270	GreenfieldTech/irked	23	453	2017-06-26T20:23:40Z	2017-03-22T06:34:00Z	2020-11-18T08:26:19Z
271	LGoodDatePicker/LGoodDatePicker	142	370	2016-02-19T02:49:51Z	2016-02-19T02:49:51Z	2020-10-13T15:52:04Z
272	RuedigerMoeller/fast-serialization	1274	773	2013-12-05T20:36:00Z	2013-12-05T20:36:51Z	2020-05-17T16:04:39Z
273	algolia/algoliasearch-client-java	29	603	2013-06-15T09:53:34Z	2013-06-15T12:22:04Z	2019-02-20T08:39:56Z
274	elastic/support-diagnostics	174	474	2014-09-04T16:26:17Z	2014-09-04T16:29:51Z	2020-11-17T22:42:03Z
275	iotaledger/cliri	20	1925	2018-11-21T14:51:30Z	2016-10-24T22:06:06Z	2019-04-28T11:17:12Z
276	jenkinsci/violation-comments-to-gitlab-plugin	15	262	2017-03-03T04:27:55Z	2017-02-19T10:10:52Z	2020-12-14T15:11:51Z
277	laserjim/vget	14	537	2013-01-13T22:58:17Z	2010-12-17T00:28:36Z	2013-01-13T23:01:34Z
278	mtheory7/wyatt	10	347	2018-05-30T15:16:00Z	2018-05-30T15:16:28Z	2020-12-17T03:54:16Z
279	ucchyocean/ColorTeaming	5	333	2013-01-29T21:26:22Z	2013-01-29T21:26:23Z	2019-09-27T16:13:37Z
280	DataDog/jmxfetch	67	532	2013-07-24T17:12:51Z	2013-07-24T17:12:51Z	2021-01-13T11:30:44Z
281	Fupery/ArtMap	15	543	2015-04-19T01:35:30Z	2015-04-19T01:34:07Z	2017-06-28T10:19:25Z
282	Trophonix/TradePlus	27	203	2016-07-05T20:26:43Z	2016-07-05T20:26:49Z	2020-08-29T14:22:36Z
283	jenkinsci/gitlab-plugin	1197	1186	2014-05-20T16:50:12Z	2014-05-20T16:50:12Z	2020-10-27T06:57:36Z
284	lastaflute/lasta-di	6	227	2015-05-01T13:42:14Z	2015-05-01T14:41:31Z	2020-10-06T07:10:21Z
285	nysenate/Employee-Self-Service	5	2499	2014-02-27T18:58:07Z	2014-02-27T18:58:07Z	2020-12-02T15:20:00Z
286	vlingo/vlingo-wire	7	533	2018-01-26T05:06:36Z	2018-01-26T05:13:49Z	2020-12-23T11:42:13Z
287	CIRDLES/ET_Redux	10	614	2015-01-14T19:51:36Z	2015-01-22T22:17:32Z	2020-11-28T17:32:19Z
288	Q0rDev/MChat	20	489	2011-11-21T03:59:25Z	2011-11-21T03:57:47Z	2015-05-25T15:45:55Z
289	adorsys/keycloak-config-cli	44	868	2017-11-09T11:24:12Z	2017-11-09T10:54:22Z	2021-01-18T05:27:52Z
290	camunda/camunda-bpmn-model	61	481	2014-01-03T12:55:19Z	2014-01-03T12:51:41Z	2019-12-12T14:22:29Z
291	FasterXML/jackson-databind	2561	7546	2011-12-23T07:17:41Z	2011-12-23T07:25:27Z	2021-01-16T02:51:39Z
292	Mararsh/MyBox	30	283	2018-06-12T01:12:24Z	2018-06-12T01:12:25Z	2020-12-05T11:09:14Z
293	The-Evil-Pickle/Replay-the-Spire	40	265	2018-02-25T16:26:38Z	2018-02-25T16:26:11Z	2020-12-22T15:41:48Z
294	croxis/Lift	19	305	2011-11-16T18:08:17Z	2011-11-16T18:12:09Z	2020-11-24T19:38:11Z
295	ebean-orm/ebean-test	8	258	2017-09-12T10:46:22Z	2017-09-12T10:46:22Z	2020-10-07T07:46:14Z
296	hope-for/GyJdbc	79	240	2018-09-21T06:44:53Z	2018-09-21T06:45:17Z	2020-08-20T08:06:15Z
297	j256/ormlite-core	468	1869	2013-03-08T16:25:59Z	2010-06-28T03:19:48Z	2020-12-31T01:23:42Z
298	jenkinsci/dry-plugin	16	650	2010-12-14T20:34:41Z	2008-12-31T11:21:11Z	2019-09-24T11:34:11Z
299	spring-projects/spring-data-jpa	1816	1505	2010-11-11T21:36:56Z	2010-11-07T17:29:20Z	2021-01-14T10:05:37Z
300	ForteScarlet/simple-robot-core	87	344	2019-03-08T11:14:23Z	2019-03-08T11:18:41Z	2021-01-13T02:01:57Z
301	Ingenico-ePayments/connect-sdk-java	24	71	2016-01-21T13:36:15Z	2016-01-21T15:31:52Z	2020-12-11T12:58:51Z
302	amodeus-science/amod	27	612	2018-02-01T11:17:35Z	2018-02-01T11:12:20Z	2020-11-09T20:34:21Z
303	jenkinsci/github-api-plugin	14	335	2012-01-04T18:05:22Z	2012-01-04T17:55:23Z	2021-01-15T23:30:28Z
304	vlingo/vlingo-cluster	23	325	2017-12-26T09:02:04Z	2017-12-26T09:30:19Z	2020-12-23T11:45:35Z
305	wildfly/jboss-ejb-client	35	1115	2011-09-06T12:19:54Z	2011-08-22T16:08:30Z	2021-01-12T22:01:49Z
306	ForgeRock/OpenBanking-UK-Datamodel-Java-SDK	14	259	2017-10-27T09:29:10Z	2017-10-27T09:29:11Z	2019-12-17T08:50:23Z
307	dev9com/parallel-webtest	14	324	2011-10-25T22:07:45Z	2011-10-25T22:15:43Z	2014-07-02T20:55:16Z
308	graphaware/neo4j-reco	342	338	2014-10-02T17:41:36Z	2014-10-02T17:43:15Z	2020-04-03T09:12:14Z
309	jenkinsci/accurev-plugin	14	629	2010-12-13T05:25:58Z	2007-10-10T15:45:03Z	2021-01-11T11:08:38Z
310	jenkinsci/cloudbees-folder-plugin	32	632	2013-10-10T20:02:26Z	2013-10-10T19:25:08Z	2020-11-10T17:24:54Z
311	schloepke/jbasics	6	534	2009-05-01T17:29:55Z	2009-05-01T17:40:30Z	2020-02-14T12:02:07Z
312	88250/solo	679	4506	2019-12-01T10:29:18Z	2012-04-10T02:16:48Z	2020-12-28T01:28:10Z
313	AlexLAA/com.loliktest.ufit	6	118	2019-11-16T19:57:44Z	2019-11-16T20:22:17Z	2020-10-30T14:48:30Z
314	FasterXML/jackson-datatype-joda	123	679	2011-09-09T21:09:21Z	2011-09-09T21:14:45Z	2021-01-10T21:25:12Z
315	FasterXML/jackson-module-jaxb-annotations	42	389	2011-11-08T06:27:18Z	2011-11-08T06:41:18Z	2017-12-24T03:12:21Z
316	MADANA-IO/madana-communityhub	7	404	2018-10-25T10:38:29Z	2018-05-22T13:56:18Z	2020-11-18T10:40:47Z
317	NemProject/nem.deploy	22	147	2015-04-19T19:43:39Z	2015-04-19T19:50:47Z	2019-04-15T08:55:57Z
318	dikalo/lienzo-core	49	617	2014-07-20T13:54:17Z	2014-07-20T19:30:13Z	2018-06-01T02:54:54Z
319	figo-connect/java-figo	18	360	2013-05-29T14:01:36Z	2013-05-29T14:01:36Z	2019-11-27T15:02:25Z
320	marcelo-mason/PreciousStones	56	1052	2011-01-21T22:42:47Z	2011-01-21T23:34:43Z	2017-08-11T04:08:42Z
321	osglworks/java-tool	50	760	2013-06-13T10:52:28Z	2013-06-13T10:52:29Z	2021-01-18T21:22:22Z
322	thelinmichael/spotify-web-api-java	462	1101	2014-04-18T23:04:56Z	2014-04-17T14:10:47Z	2020-12-06T08:15:56Z
323	NemProject/nem.core	322	675	2015-04-19T17:24:03Z	2015-04-19T18:24:31Z	2019-04-15T08:55:55Z
324	axeon/uw-task	6	136	2017-12-26T08:01:49Z	2017-10-25T10:49:31Z	2019-12-20T02:57:40Z
325	jgraph/jgraphx	590	175	2012-05-22T09:01:09Z	2012-05-22T09:01:09Z	2020-11-13T09:07:27Z
326	jhg023/SimpleNet	156	162	2017-10-22T21:40:06Z	2017-10-22T21:42:20Z	2020-08-28T18:56:30Z
327	joel-costigliola/assertj-core	1767	3197	2013-03-14T16:18:49Z	2010-09-07T04:06:36Z	2021-01-18T09:49:08Z
328	sothawo/mapjfx-demo	11	234	2014-12-26T07:47:31Z	2014-12-26T07:49:29Z	2020-10-13T19:46:28Z
329	winneryong/wget	15	548	2013-08-01T06:17:24Z	2010-12-17T00:28:36Z	2013-02-11T09:57:51Z
330	Cantara/ConfigService	5	863	2015-07-09T08:10:35Z	2015-07-09T08:10:35Z	2021-01-19T13:58:35Z
331	FasterXML/jackson-core	1824	2390	2011-12-23T02:00:51Z	2011-12-23T02:06:25Z	2021-01-11T22:42:07Z
332	Simonsator/BungeecordPartyAndFriends	16	263	2015-07-15T19:49:05Z	2015-07-15T19:47:03Z	2020-11-14T14:06:39Z
333	grisu/gricli	7	1001	2011-01-26T23:50:41Z	2009-07-22T08:22:55Z	2013-11-18T01:47:31Z
334	jboss-modules/jboss-modules	207	1117	2010-07-08T20:47:33Z	2010-03-26T19:45:43Z	2020-12-18T21:00:42Z
335	jenkinsci/clearcase-plugin	19	1480	2010-12-13T05:33:37Z	2007-09-09T12:49:27Z	2021-01-18T10:45:11Z
336	jenkinsci/klocwork-plugin	17	434	2011-05-01T13:24:59Z	2011-05-19T20:30:23Z	2020-09-25T14:18:35Z
337	jenkinsci/promoted-builds-plugin	94	836	2010-12-13T05:51:37Z	2006-11-05T22:52:11Z	2020-10-23T09:18:09Z
338	marcelo-mason/SimpleClans	52	580	2011-08-22T03:41:59Z	2011-08-22T03:44:18Z	2020-08-01T16:29:33Z
339	mguymon/naether	19	458	2011-02-25T00:51:09Z	2011-02-25T00:52:01Z	2020-12-03T15:43:19Z
340	xishift/EpicGuard	6	680	2019-10-28T19:04:09Z	2019-10-28T19:05:29Z	2021-01-07T12:47:51Z
341	FasterXML/jackson-module-jsonSchema	269	564	2012-08-15T18:00:25Z	2012-08-15T23:23:58Z	2021-01-10T21:14:17Z
342	ProjectAGI/agi	38	1067	2015-03-28T12:06:41Z	2015-03-28T12:06:41Z	2018-03-15T09:59:37Z
343	SomMeri/less4j	140	1033	2012-06-14T09:33:15Z	2012-06-14T09:35:14Z	2016-03-17T10:30:08Z
344	TheJacksonLaboratory/LIRICAL	5	708	2017-08-28T21:28:03Z	2017-08-28T21:28:04Z	2020-08-13T19:30:15Z
345	autonomx/AutonomxCore	9	670	2018-01-16T19:24:39Z	2017-11-11T16:40:00Z	2020-12-18T09:53:10Z
346	axibase/atsd-api-java	7	364	2015-02-12T05:50:13Z	2015-02-11T08:48:28Z	2019-10-31T12:46:20Z
347	bitmovin/bitmovin-java	10	509	2017-06-01T06:50:05Z	2017-06-01T06:50:05Z	2019-11-08T10:30:34Z
348	genepi/cloudgene	18	984	2018-01-29T11:39:56Z	2014-06-11T09:35:21Z	2020-12-27T10:54:53Z
349	jenkinsci/ec2-plugin	225	1263	2010-12-14T20:35:53Z	2008-10-29T23:06:28Z	2021-01-02T07:32:11Z
350	jenkinsci/jacoco-plugin	119	890	2012-06-01T18:12:38Z	2006-12-29T23:51:47Z	2020-12-18T20:29:43Z
351	jqno/equalsverifier	444	2019	2015-03-29T09:12:21Z	2009-06-01T12:26:03Z	2021-01-19T10:40:29Z
352	networknt/light-proxy	9	289	2017-09-15T11:52:37Z	2017-09-15T11:52:37Z	2021-01-01T05:53:07Z
353	pagehelper/Mybatis-PageHelper	9351	539	2014-06-09T15:32:30Z	2014-06-10T00:56:29Z	2020-07-26T14:00:26Z
354	protegeproject/swrlapi	64	975	2014-02-28T22:48:44Z	2014-02-28T23:23:43Z	2020-11-17T23:41:53Z
355	rickfast/consul-client	498	528	2014-08-11T16:06:56Z	2014-07-24T19:05:34Z	2020-11-18T19:03:17Z
356	webfirmframework/wff	9	1412	2015-11-14T18:56:22Z	2015-11-14T18:56:22Z	2021-01-14T13:28:01Z
357	wix/media-platform-java-sdk	5	389	2016-07-27T13:07:02Z	2016-07-27T13:07:02Z	2021-01-13T08:47:35Z
358	youtongluan/sumk	283	129	2016-09-08T12:02:10Z	2016-09-08T13:21:38Z	2021-01-09T10:03:09Z
359	94fzb/simplewebserver	54	332	2015-09-23T06:13:47Z	2016-09-16T05:46:59Z	2020-08-13T15:01:38Z
360	EasyPost/easypost-java	28	145	2013-06-10T06:20:47Z	2013-06-10T06:21:43Z	2021-01-08T01:13:29Z
361	FasterXML/jackson-datatype-jsr353	20	358	2013-02-26T03:32:06Z	2013-02-26T03:32:07Z	2020-05-02T23:44:19Z
362	Graylog2/graylog-plugin-collector	10	507	2016-02-22T09:22:05Z	2016-02-22T09:26:09Z	2021-01-12T11:21:52Z
363	N3TWORK/dynamap	5	490	2017-05-15T22:56:10Z	2017-05-15T23:00:21Z	2021-01-15T23:25:19Z
364	Smartling/marketo-rest-sdk-java	9	273	2015-03-23T01:41:45Z	2015-03-23T01:41:45Z	2020-08-21T23:16:08Z
365	obsidiandynamics/kafdrop	1038	540	2019-05-27T08:46:56Z	2015-10-06T14:55:24Z	2020-08-08T12:03:23Z
366	symphonyoss/messageml-utils	5	444	2017-05-03T17:13:54Z	2017-05-03T17:10:47Z	2021-01-07T17:30:26Z
367	tencentyun/cos-java-sdk-v5	83	380	2017-04-24T07:16:06Z	2017-04-24T07:22:35Z	2021-01-14T04:57:46Z
368	Belphemur/AdminCmd	14	2686	2011-04-01T10:08:40Z	2011-04-01T10:20:49Z	2014-05-30T20:11:17Z
369	JohnnyDevo/The-Mystic-Project	6	237	2018-08-08T08:06:47Z	2018-08-08T08:01:26Z	2021-01-14T17:11:35Z
370	bonigarcia/webdrivermanager	1249	1730	2015-03-15T19:52:36Z	2015-03-15T19:52:36Z	2021-01-18T14:54:20Z
371	idsc-frazzoli/owl	66	2324	2017-11-23T08:42:56Z	2017-11-23T08:42:56Z	2019-11-17T09:15:23Z
372	mundipagg/MundiAPI-JAVA	5	154	2017-04-05T19:05:16Z	2017-04-05T19:05:18Z	2021-01-18T17:33:26Z
373	opensourceBIM/GltfSerializers	15	272	2016-03-08T07:05:27Z	2016-03-08T07:05:27Z	2020-02-03T21:20:52Z
374	querydsl/codegen	21	263	2011-08-05T10:55:12Z	2010-04-03T11:54:25Z	2015-09-28T16:08:24Z
375	seahen/maven-s3-wagon	14	542	2018-05-30T15:18:39Z	2010-05-20T17:43:41Z	2019-12-25T15:40:38Z
376	webbit/webbit	799	767	2011-01-16T22:49:46Z	2011-01-16T22:50:50Z	2015-01-08T16:16:00Z
377	ClayCoffee/ClayTech	7	192	2020-03-09T03:21:52Z	2020-03-04T04:39:05Z	2020-11-27T11:35:55Z
378	Samuel-Oliveira/Java_NFe	299	382	2016-09-22T18:23:23Z	2016-09-22T18:23:23Z	2020-12-14T23:44:30Z
379	espidev/ProtectionStones	17	537	2018-09-17T22:12:12Z	2015-07-27T23:36:09Z	2021-01-09T02:40:48Z
380	jboss-remoting/jboss-remoting	23	1441	2010-11-30T01:50:21Z	2007-11-29T00:39:10Z	2020-12-07T08:32:25Z
381	jcaddel/maven-s3-wagon	110	516	2011-11-08T16:47:14Z	2010-05-20T17:43:41Z	2015-10-30T22:30:21Z
382	jenkinsci/timestamper-plugin	32	632	2010-12-13T05:56:42Z	2010-07-31T06:13:14Z	2021-01-18T07:36:45Z
383	medcl/elasticsearch-analysis-pinyin	1722	149	2012-05-22T10:45:42Z	2012-05-22T10:49:58Z	2020-06-02T14:03:41Z
384	metamx/extendedset	42	185	2012-01-25T17:50:37Z	2012-01-25T18:42:42Z	2017-02-14T17:13:20Z
385	michael-simons/java-oembed	37	281	2010-12-24T08:39:48Z	2010-12-24T09:49:14Z	2020-05-30T20:22:31Z
386	ruby-processing/JRubyArt	62	805	2014-06-18T08:10:07Z	2014-06-18T07:53:10Z	2020-12-10T16:55:57Z
387	simplaex/bedrock	16	174	2017-12-02T21:43:34Z	2017-12-02T21:42:26Z	2020-10-13T06:17:14Z
388	Hygieia/hygieia-core	18	270	2018-10-22T16:58:18Z	2018-10-22T16:58:19Z	2021-01-05T20:35:25Z
389	OpenPojo/openpojo	120	1097	2015-03-15T19:51:52Z	2010-02-22T20:17:28Z	2020-10-14T01:31:30Z
390	asciidocfx/AsciidocFX	1306	1590	2014-05-18T17:49:13Z	2014-05-18T17:49:13Z	2021-01-17T11:37:21Z
391	atlascommunity/jira-plugins-groovy	41	887	2018-04-06T09:57:26Z	2017-12-27T15:20:23Z	2020-10-21T13:49:04Z
392	bernardosulzbach/dungeon	104	1132	2014-09-13T19:09:00Z	2014-11-18T17:17:56Z	2020-06-15T13:52:27Z
393	davidmoten/rtree	818	1124	2014-08-26T12:29:14Z	2014-08-26T12:35:31Z	2020-10-13T02:47:09Z
394	davidmoten/rtree2	21	1178	2019-07-10T23:27:17Z	2014-08-26T12:35:31Z	2020-01-15T19:09:03Z
395	forge/intellij-idea-plugin	17	415	2013-04-22T19:49:28Z	2013-04-24T13:17:41Z	2020-11-11T01:08:23Z
396	graphql-java/graphql-java-type-generator	35	70	2016-02-20T05:03:16Z	2016-02-20T05:03:16Z	2018-09-09T01:46:28Z
397	jenkinsci/analysis-collector-plugin	20	497	2010-12-13T05:25:51Z	2009-12-27T22:03:52Z	2019-09-24T11:34:01Z
398	jenkinsci/copyartifact-plugin	51	606	2010-12-13T05:29:41Z	2010-03-07T23:28:28Z	2020-11-29T05:15:08Z
399	ksclarke/solr-iso639-filter	5	422	2013-08-20T05:42:26Z	2013-08-20T05:42:26Z	2015-06-16T06:45:37Z
400	mrrhetorical/COM-Warfare	5	620	2018-03-09T07:57:27Z	2018-03-09T07:57:12Z	2020-11-11T19:19:08Z
401	networknt/openapi-parser	5	190	2017-11-13T02:47:14Z	2017-11-13T02:47:15Z	2020-12-23T14:43:15Z
402	openshift/jenkins-plugin	79	439	2015-11-04T14:53:55Z	2015-09-08T02:59:30Z	2020-03-24T08:13:03Z
403	red6/pdfcompare	107	470	2016-11-24T13:34:39Z	2016-11-24T13:34:41Z	2021-01-13T14:43:30Z
404	thucydides-webtests/thucydides-jbehave	11	319	2012-06-19T13:17:45Z	2012-06-19T13:17:45Z	2014-10-25T21:56:12Z
405	vlingo/vlingo-common	12	409	2017-12-26T09:32:07Z	2017-12-26T09:40:01Z	2020-12-23T11:44:41Z
406	yuttyann/ScriptBlockPlus	17	932	2016-12-29T04:58:53Z	2016-12-29T04:58:53Z	2021-01-19T10:33:37Z
407	CollinAlpert/Java2DB	6	107	2018-08-15T14:35:59Z	2018-08-15T14:32:31Z	2020-12-28T15:17:51Z
408	DiscordSRV/DiscordSRV	254	2821	2016-01-10T03:38:10Z	2016-01-10T03:38:10Z	2021-01-09T01:24:38Z
409	IridiumLLC/IridiumSkyblock	28	1353	2019-07-03T19:50:15Z	2019-07-03T19:50:19Z	2021-01-16T11:43:59Z
410	Plajer-Lair/MurderMystery	37	606	2018-08-09T10:04:12Z	2018-08-09T10:04:23Z	2021-01-18T19:49:39Z
411	ServerSelectorX/ServerSelectorX	15	463	2016-12-08T16:19:41Z	2016-12-08T16:18:58Z	2020-12-21T21:55:06Z
412	Smartling/api-sdk-java	13	313	2012-03-02T15:10:55Z	2012-03-02T15:12:05Z	2020-05-13T21:44:55Z
413	checkstyle/sonar-checkstyle	96	618	2016-04-26T12:52:51Z	2013-12-17T14:00:28Z	2021-01-16T14:36:43Z
414	contentful/contentful.java	60	639	2014-07-25T12:05:34Z	2014-07-25T12:11:14Z	2020-12-08T12:32:22Z
415	damianszczepanik/maven-cucumber-reporting	62	256	2012-07-06T23:50:43Z	2012-07-06T23:51:39Z	2020-11-07T16:24:15Z
416	datasift/datasift-java	14	731	2011-06-07T10:42:41Z	2011-06-07T10:51:41Z	2018-11-01T10:19:59Z
417	hashmapinc/WitsmlObjectsLibrary	14	351	2017-06-29T19:42:08Z	2017-06-29T19:42:08Z	2019-09-03T14:35:42Z
418	j256/ormlite-android	1514	480	2013-03-08T16:37:44Z	2010-09-09T20:56:26Z	2020-12-31T01:23:32Z
419	j256/ormlite-jdbc	178	645	2013-03-08T16:06:34Z	2010-09-09T20:59:00Z	2020-12-31T01:23:51Z
420	jruby/joni	134	627	2009-10-12T21:15:07Z	2008-01-07T01:49:31Z	2020-12-10T10:54:27Z
421	mlhartme/sushi	7	1369	2012-08-16T14:00:24Z	2009-11-06T20:59:53Z	2021-01-08T16:53:01Z
422	personium/personium-core	24	1271	2017-01-20T05:51:41Z	2017-01-18T00:30:06Z	2021-01-14T06:24:12Z
423	spring-projects/spring-data-solr	348	930	2012-09-10T11:36:42Z	2012-05-07T04:56:59Z	2020-11-03T07:20:53Z
424	FasterXML/jackson-annotations	818	739	2011-12-23T02:46:52Z	2011-12-23T05:20:15Z	2021-01-10T00:50:34Z
425	FlareBot/FlareBot	32	2902	2017-01-11T15:10:48Z	2016-09-27T19:05:10Z	2018-04-25T17:22:51Z
426	HyDevelop/PicqBotX	194	1079	2018-05-24T16:38:29Z	2018-05-24T16:38:17Z	2020-12-31T00:22:55Z
427	ParameterizedBuilds/parameterized-builds	18	301	2015-03-24T22:12:26Z	2015-03-19T02:44:08Z	2020-07-29T21:06:24Z
428	RIPE-NCC/rpki-commons	8	820	2012-11-22T10:15:34Z	2011-02-22T10:07:45Z	2021-01-04T10:41:46Z
429	Samourai-Wallet/whirlpool-client	6	572	2018-04-24T06:17:05Z	2018-04-24T06:17:06Z	2020-04-28T08:26:25Z
430	SergeyDertan/SRegionProtector	12	364	2018-11-12T14:30:28Z	2018-11-11T23:35:35Z	2020-07-30T12:40:40Z
431	datanucleus/datanucleus-rdbms	16	1452	2013-12-09T18:43:22Z	2013-12-09T18:43:22Z	2020-12-12T08:05:30Z
432	games647/FlexibleLogin	79	270	2015-08-04T15:20:12Z	2015-08-04T15:20:12Z	2020-03-06T10:28:15Z
433	genepi/imputationserver	30	1098	2016-08-04T10:02:40Z	2014-06-11T11:55:30Z	2020-11-11T13:23:49Z
434	jahlborn/jackcess	73	1172	2015-10-07T02:28:07Z	2005-04-07T14:32:19Z	2020-12-11T02:48:27Z
435	jenkinsci/build-failure-analyzer-plugin	58	720	2012-11-22T11:51:57Z	2012-02-02T12:38:26Z	2020-12-17T13:50:07Z
436	jnidzwetzki/bitfinex-v2-wss-api-java	80	661	2017-12-27T10:34:27Z	2017-12-27T10:34:28Z	2021-01-05T18:45:26Z
437	jnr/jnr-ffi	758	1021	2011-02-03T04:25:56Z	2008-07-18T04:45:43Z	2020-12-02T19:31:21Z
438	killbilling/recurly-java-library	46	881	2012-07-31T03:42:37Z	2012-07-31T03:42:37Z	2021-01-12T03:17:27Z
439	leonchen83/redis-replicator	620	969	2016-08-13T16:20:35Z	2016-08-13T16:20:35Z	2020-12-31T00:50:49Z
440	liyiorg/weixin-popular	2139	333	2014-04-22T07:22:27Z	2014-04-22T07:22:27Z	2019-12-11T08:14:20Z
441	medcl/elasticsearch-analysis-stconvert	220	96	2012-10-28T14:08:10Z	2012-10-30T05:06:39Z	2020-05-14T03:50:11Z
442	protegeproject/swrlapi-drools-engine	15	649	2014-02-28T22:52:51Z	2014-03-08T03:25:45Z	2020-11-17T23:46:29Z
443	spring-projects/spring-data-couchbase	173	839	2013-05-31T08:53:23Z	2012-12-14T08:33:00Z	2021-01-15T18:29:14Z
444	BlinkID/blinkid-android	227	441	2014-10-23T18:23:07Z	2014-10-23T18:23:07Z	2021-01-04T09:54:59Z
445	Nordstrom/JUnit-Foundation	14	410	2017-11-28T17:14:05Z	2017-10-12T15:57:05Z	2020-04-29T10:27:37Z
446	Plajer-Lair/Village_Defense	33	1072	2018-01-28T17:12:06Z	2018-03-03T16:52:46Z	2021-01-18T22:39:38Z
447	Transkribus/TranskribusCore	30	1877	2016-02-22T16:35:06Z	2016-02-22T16:22:06Z	2020-10-28T12:55:36Z
448	codelibs/fess-suggest	5	521	2013-09-13T04:54:10Z	2013-09-13T04:54:10Z	2021-01-11T04:30:09Z
449	datanucleus/datanucleus-core	82	1725	2013-12-09T18:40:29Z	2013-12-09T18:40:29Z	2021-01-15T08:45:14Z
450	jruby/jcodings	17	495	2009-10-12T21:27:29Z	2008-10-30T17:29:59Z	2020-10-21T17:33:29Z
451	ligoj/plugin-prov	5	1035	2017-04-12T09:01:20Z	2017-04-12T09:01:20Z	2020-10-04T14:04:03Z
452	mebigfatguy/fb-contrib	118	3632	2011-07-23T20:16:16Z	2011-07-23T20:19:26Z	2020-03-10T06:31:20Z
453	neuland/jade4j	679	526	2012-04-17T13:11:56Z	2012-04-17T13:05:03Z	2020-09-21T09:15:35Z
454	tarun3kumar/seleniumtestsframework	87	544	2015-03-22T12:43:32Z	2013-10-01T18:38:02Z	2019-07-12T18:18:04Z
455	uniVocity/univocity-parsers	730	871	2014-07-12T04:39:08Z	2014-07-12T04:39:08Z	2021-01-18T04:14:20Z
456	ChestShop-authors/ChestShop-3	101	838	2011-05-15T16:14:47Z	2011-05-15T16:16:25Z	2021-01-14T18:01:04Z
457	EinsamHauer/disthene-reader	15	337	2014-11-26T21:04:51Z	2014-11-26T21:05:19Z	2020-01-09T10:30:20Z
458	IHTSDO/snowstorm	104	1877	2016-06-21T23:55:22Z	2016-06-21T23:55:03Z	2021-01-18T09:49:17Z
459	Orange-OpenSource/conllueditor	17	154	2019-01-30T16:24:40Z	2019-02-01T09:38:03Z	2021-01-18T08:24:07Z
460	SteelBridgeLabs/neo4j-gremlin-bolt	69	272	2016-06-20T16:56:55Z	2016-06-20T16:56:56Z	2021-01-13T04:18:21Z
461	camunda/camunda-dmn-model	12	162	2015-06-03T16:57:45Z	2015-06-02T09:56:48Z	2019-12-12T14:23:59Z
462	ebean-orm/ebean-migration	9	270	2016-05-18T05:10:27Z	2016-05-18T05:10:28Z	2020-12-08T07:15:39Z
463	fiji/SPIM_Registration	17	1590	2014-01-11T16:05:38Z	2009-04-23T13:45:33Z	2020-05-20T16:30:57Z
464	itfsw/mybatis-generator-plugin	885	538	2017-01-06T07:35:23Z	2017-01-06T07:35:24Z	2020-12-24T07:24:44Z
465	jenkinsci/bitbucket-branch-source-plugin	145	685	2016-03-11T18:28:58Z	2016-03-11T18:00:20Z	2021-01-15T15:57:59Z
466	jenkinsci/junit-plugin	53	1006	2014-08-11T13:55:17Z	2006-11-05T21:16:01Z	2021-01-18T06:14:40Z
467	jenkinsci/office-365-connector-plugin	44	398	2016-06-02T22:19:45Z	2016-05-27T09:10:29Z	2020-10-14T18:59:46Z
468	mongojack/mongojack	232	547	2013-03-11T14:22:00Z	2011-11-24T21:17:04Z	2020-10-13T18:27:03Z
469	rayokota/hgraphdb	208	500	2016-11-08T23:05:08Z	2016-11-08T23:05:24Z	2020-12-14T17:26:58Z
470	tootedom/herdcache	8	274	2014-07-30T21:44:05Z	2014-07-30T21:45:12Z	2020-05-19T17:30:00Z
471	vlingo/vlingo-lattice	44	734	2018-08-18T08:42:02Z	2018-08-18T08:42:02Z	2020-12-30T14:41:07Z
472	Adyen/adyen-java-api-library	45	779	2016-06-16T09:57:30Z	2016-06-16T09:57:30Z	2021-01-18T08:54:52Z
473	EasyinnovaSL/Tiff-Library-4J	6	166	2015-06-30T07:52:07Z	2015-06-30T07:52:07Z	2017-08-31T11:19:58Z
474	FasterXML/jackson-dataformat-csv	192	582	2011-04-16T20:21:15Z	2011-04-16T20:24:48Z	2017-03-19T20:35:22Z
475	MarketSquare/robotframework-seleniumlibrary-java	20	559	2013-06-13T04:31:20Z	2013-02-23T13:44:16Z	2020-02-04T05:56:57Z
476	OnlineCodex/OnlineCodex	10	393	2018-09-10T19:43:31Z	2018-08-29T19:04:13Z	2020-08-06T13:07:41Z
477	Spikeify/spikeify	16	289	2015-03-31T09:23:22Z	2015-03-31T09:23:23Z	2017-04-13T09:08:31Z
478	beecloud/beecloud-java	42	559	2015-07-06T07:38:59Z	2015-07-06T07:38:59Z	2017-12-20T07:32:36Z
479	burberius/eve-esi	28	344	2016-11-14T20:51:47Z	2016-11-14T20:51:48Z	2020-12-01T15:41:28Z
480	couchbase/couchbase-jvm-core	31	956	2014-01-29T17:07:07Z	2014-01-20T14:51:33Z	2020-11-30T12:51:12Z
481	graphaware/neo4j-to-elasticsearch	224	476	2015-10-18T11:43:48Z	2015-07-04T14:22:50Z	2020-04-03T09:47:02Z
482	hsiafan/apk-parser	867	274	2014-01-10T11:47:42Z	2014-01-10T11:47:58Z	2020-09-16T02:05:22Z
483	jenkinsci/elasticbox-plugin	8	568	2014-06-09T13:58:32Z	2014-06-02T23:12:50Z	2019-12-21T16:49:14Z
484	jenkinsci/urltrigger-plugin	12	264	2011-06-13T21:20:36Z	2011-06-13T21:50:07Z	2020-11-02T23:04:47Z
485	jhipster/jhipster-registry	586	1033	2016-02-05T12:47:59Z	2016-02-05T15:19:37Z	2021-01-17T08:05:17Z
486	jpmml/jpmml-r	30	359	2015-09-20T17:11:29Z	2015-09-19T21:01:05Z	2021-01-03T09:08:04Z
487	networknt/light-router	5	278	2018-02-09T00:49:58Z	2018-02-09T00:49:59Z	2020-12-23T14:43:41Z
488	protegeproject/swrltab-plugin	20	428	2014-06-29T00:05:54Z	2014-06-29T00:06:18Z	2020-11-18T00:02:34Z
489	GoldenGnu/jeveassets	57	2510	2015-07-18T12:41:31Z	2009-08-05T12:35:13Z	2021-01-19T10:26:42Z
490	HtmlUnit/htmlunit	341	16570	2018-09-02T08:59:44Z	2002-09-01T19:45:57Z	2021-01-16T17:44:10Z
491	adridadou/eth-propeller-core	21	634	2017-04-11T09:41:01Z	2017-04-11T09:41:02Z	2020-12-14T15:15:42Z
492	blackberry/KaBoom	40	506	2014-11-19T21:55:44Z	2014-06-18T18:18:56Z	2016-04-25T19:41:33Z
493	codelibs/fess	476	3802	2013-09-13T04:50:05Z	2013-09-13T04:50:05Z	2021-01-05T06:47:30Z
494	couchbase/couchbase-java-client	252	1047	2011-11-22T19:07:34Z	2011-11-18T19:33:05Z	2020-11-13T07:35:10Z
495	damianszczepanik/cucumber-sandwich	54	218	2013-08-30T09:58:29Z	2013-09-02T08:25:21Z	2020-11-08T22:08:14Z
496	datanucleus/datanucleus-api-jpa	10	520	2013-12-09T18:42:37Z	2013-12-09T18:42:37Z	2020-08-14T14:09:21Z
497	groupdocs-viewer/GroupDocs.Viewer-for-Java-Spring	6	129	2018-08-28T11:50:51Z	2018-08-28T11:50:52Z	2020-09-21T13:59:47Z
498	jenkinsci/amazon-ecs-plugin	151	461	2015-09-23T12:08:03Z	2015-08-26T16:04:08Z	2020-11-09T09:44:06Z
499	jenkinsci/config-file-provider-plugin	27	706	2011-08-03T19:02:20Z	2011-07-29T18:30:07Z	2020-10-26T06:28:30Z
500	jenkinsci/docker-build-step-plugin	104	339	2014-02-17T20:25:08Z	2014-02-02T22:36:09Z	2020-10-27T11:19:24Z
